file,file_id,batch_id,status
z_requests/Chart/requests.jsonl,,batch_69c7b96c03088190abffb3d20c272776,completed
z_requests/Chart/requests1.jsonl,,batch_69c7ba3df9e081909543cbd5550c2b72,completed
z_requests/Cli/requests.jsonl,,batch_69c7baa843b08190a35402e96f5455e7,completed
z_requests/Cli/requests1.jsonl,,batch_69c7bcc09780819099910c5c7bb245e4,completed
z_requests/Closure/requests.jsonl,,batch_69c7bd52eefc8190acd7d3a0edb54436,completed
z_requests/Closure/requests1.jsonl,,batch_69c7bf2cf4dc81908abcdf13c1c5571b,completed
z_requests/Closure/requests2.jsonl,,batch_69c7c0115d8c8190957c45e90cfedcbb,completed
z_requests/Closure/requests3.jsonl,,batch_69c7c134e3dc8190bb83bb3d1e61aeae,completed
z_requests/Closure/requests4.jsonl,,batch_69c7c3b38f108190b7c92f9a83db986d,completed
z_requests/Closure/requests5.jsonl,,batch_69c7c46f63b081908bf8c2c2dac819fb,completed
z_requests/Closure/requests6.jsonl,,batch_69c7c57e70f88190826c2496530f60dd,completed
z_requests/Closure/requests7.jsonl,,batch_69c7c78387a48190b6b6529b96342903,completed
z_requests/Closure/requests8.jsonl,,batch_69c7c85433a481909cf2b50f732fb7e2,completed
z_requests/Codec/requests.jsonl,,batch_69c7c9b3ed308190af3f1551136ba92f,completed
z_requests/Collections/requests.jsonl,,batch_69c7ca7020408190ba0abcf43b70b5fc,completed
z_requests/Collections/requests1.jsonl,,batch_69c7cb16f1988190b85588d3cb091503,completed
z_requests/Compress/requests.jsonl,,batch_69c7cb802a4c81909bac9f7fb0710991,completed
z_requests/Compress/requests1.jsonl,,batch_69c7ce135ea48190a7620611bffb986a,completed
z_requests/Compress/requests2.jsonl,,batch_69c7ce7cc38481909ae9df31f3704937,completed
z_requests/Csv/requests.jsonl,,batch_69c7cf0ed4c081908d32b57d2ae3ac0e,completed
z_requests/Gson/requests.jsonl,,batch_69c7d1f399bc8190bdb95ccdcccd3d42,completed
z_requests/JacksonCore/requests.jsonl,,batch_69c7d2ed1bc88190a64775963abb8dfb,completed
z_requests/JacksonCore/requests1.jsonl,,batch_69c7d40fb6f48190962f9af247316649,completed
z_requests/JacksonDatabind/requests.jsonl,,batch_69c7d464f4f88190b8decf9972c1c18e,completed
z_requests/JacksonDatabind/requests1.jsonl,,batch_69c7d50baf408190a0e888cbdc76e8db,completed
z_requests/JacksonDatabind/requests2.jsonl,,batch_69c7d680cc788190b1ccfa1ed3d32eef,completed
z_requests/JacksonDatabind/requests3.jsonl,,batch_69c7d94fa7b48190bc49a12a8edac48b,completed
z_requests/JacksonDatabind/requests4.jsonl,,batch_69c7da0b1c9881908d1c76ca843c1f32,completed
z_requests/JacksonDatabind/requests5.jsonl,,batch_69c7dadb1afc8190929c6b1fdfed4a02,completed
z_requests/JacksonXml/requests.jsonl,,batch_69c7e9bbc5008190aa58f370756c3e2f,completed
z_requests/Jsoup/requests.jsonl,,batch_69c7ea24c4ac8190abd2651d1d3c0060,completed
z_requests/Jsoup/requests1.jsonl,,batch_69c7eb30588c819085c4e5f0544a04c4,completed
z_requests/Jsoup/requests2.jsonl,,batch_69c7ebff49f0819096a4a6ec8af38f0e,completed
z_requests/Jsoup/requests3.jsonl,,batch_69c7ecf742c48190bfde1e307ccf4027,completed
z_requests/Jsoup/requests4.jsonl,,batch_69c7edef62cc8190b5df185fc4f63131,completed
z_requests/JxPath/requests.jsonl,,batch_69c7eebe3b7481909628962906581eac,completed
z_requests/JxPath/requests1.jsonl,,batch_69c7ef8d41348190b5656c909f615248,completed
z_requests/Lang/requests.jsonl,,batch_69c7eff5c75881908831047ae51f244e,completed
z_requests/Lang/requests1.jsonl,,batch_69c7f0afba9881909e013afc92901ba7,completed
z_requests/Lang/requests2.jsonl,,batch_69c7f1d020b4819099f52487342ac521,completed
z_requests/Lang/requests3.jsonl,,batch_69c7f71454688190aba8b357223c75b6,completed
z_requests/Math/requests.jsonl,,batch_69c7f84886348190b83f6633c30cf549,completed
z_requests/Math/requests1.jsonl,,batch_69c7f9ba59888190b43cd79d174b2b75,completed
z_requests/Math/requests2.jsonl,,batch_69c7fc0e7fdc81909f5ab27cf0b5c52f,completed
z_requests/Math/requests3.jsonl,,batch_69c7ffedd3ec8190876ff806e7c3ceed,completed
z_requests/Math/requests4.jsonl,,batch_69c801b241648190a623563ab77373e4,completed
z_requests/Math/requests5.jsonl,,batch_69c8028110448190a56ae555c3e61573,completed
z_requests/Mockito/requests.jsonl,,batch_69c80327b0908190b2e5a6176d0b5a30,completed
z_requests/Mockito/requests1.jsonl,,batch_69c803903ad88190beb0064bdb146417,completed
z_requests/Time/requests.jsonl,,batch_69c8049ccce48190a8e3a57fb0a0031e,completed
z_requests/Time/requests1.jsonl,,batch_69c805a9c9448190992cf8d8cee838b1,completed
z_requests/Time/requests2.jsonl,file-GvkFYveZLpQK4qUjMsJerJ,batch_69c80d7ce97481908e837e64510cd65a,completed
