file,batch_id,processing_status,results_url
z_requests/Csv/batch.json,msgbatch_01KMaC3WLfr7UbRWidEDYeJN,ended,https://api.anthropic.com/v1/messages/batches/msgbatch_01KMaC3WLfr7UbRWidEDYeJN/results
z_requests/Chart/batch.json,msgbatch_01P92heNdn3ymQyopXv3xhg8,ended,https://api.anthropic.com/v1/messages/batches/msgbatch_01P92heNdn3ymQyopXv3xhg8/results
requests.jsonl,msgbatch_01JTbUwaALkgFxXYQygZCo8b,ended,https://api.anthropic.com/v1/messages/batches/msgbatch_01JTbUwaALkgFxXYQygZCo8b/results
requests_missing.jsonl,msgbatch_01JoDUwyK7ADkC3tJTNiMSJ6,ended,https://api.anthropic.com/v1/messages/batches/msgbatch_01JoDUwyK7ADkC3tJTNiMSJ6/results
z_requests/Cli/batch.json,msgbatch_01MTWt54EG1VtVw2vy8k4QQq,ended,https://api.anthropic.com/v1/messages/batches/msgbatch_01MTWt54EG1VtVw2vy8k4QQq/results
z_requests/Closure/batch.json,msgbatch_01HtpjoMzPg88uDNAsarR8d3,ended,https://api.anthropic.com/v1/messages/batches/msgbatch_01HtpjoMzPg88uDNAsarR8d3/results
z_requests/Closure/batch1.json,msgbatch_01LUBAMfpbFcuh55mfJt1TUP,ended,https://api.anthropic.com/v1/messages/batches/msgbatch_01LUBAMfpbFcuh55mfJt1TUP/results
z_requests/Closure/batch10.json,msgbatch_01186ezJn3g1tzC6divY55KM,ended,https://api.anthropic.com/v1/messages/batches/msgbatch_01186ezJn3g1tzC6divY55KM/results
z_requests/Closure/batch11.json,msgbatch_01JihfS6Wg1zfi3kwLNqEvk5,ended,https://api.anthropic.com/v1/messages/batches/msgbatch_01JihfS6Wg1zfi3kwLNqEvk5/results
z_requests/Closure/batch12.json,msgbatch_018rme82FeXrWjurTefWm4Hj,ended,https://api.anthropic.com/v1/messages/batches/msgbatch_018rme82FeXrWjurTefWm4Hj/results
z_requests/Closure/batch13.json,msgbatch_018an13Z3LGNb9moP2r9zkkS,ended,https://api.anthropic.com/v1/messages/batches/msgbatch_018an13Z3LGNb9moP2r9zkkS/results
z_requests/Closure/batch14.json,msgbatch_01ARwyEunJMSCLMvdSEJQ5qW,ended,https://api.anthropic.com/v1/messages/batches/msgbatch_01ARwyEunJMSCLMvdSEJQ5qW/results
z_requests/Closure/batch15.json,msgbatch_01ETTW4fZuj2wA2Bg7iEUn1T,ended,https://api.anthropic.com/v1/messages/batches/msgbatch_01ETTW4fZuj2wA2Bg7iEUn1T/results
z_requests/Closure/batch16.json,msgbatch_01VAXGRWTtL2utzgr5oTiRoC,ended,https://api.anthropic.com/v1/messages/batches/msgbatch_01VAXGRWTtL2utzgr5oTiRoC/results
z_requests/Closure/batch17.json,msgbatch_01CwgnkCE9kqFqSGaPWc6qwh,ended,https://api.anthropic.com/v1/messages/batches/msgbatch_01CwgnkCE9kqFqSGaPWc6qwh/results
z_requests/Closure/batch18.json,msgbatch_01HJBu8q34pwe7tkEirSpVdv,ended,https://api.anthropic.com/v1/messages/batches/msgbatch_01HJBu8q34pwe7tkEirSpVdv/results
z_requests/Closure/batch19.json,msgbatch_014ZQ6927pqYXKACCN8QZ75y,ended,https://api.anthropic.com/v1/messages/batches/msgbatch_014ZQ6927pqYXKACCN8QZ75y/results
z_requests/Closure/batch2.json,msgbatch_01GAAJ9GGd83SE2qarLuYWMj,ended,https://api.anthropic.com/v1/messages/batches/msgbatch_01GAAJ9GGd83SE2qarLuYWMj/results
z_requests/Closure/batch20.json,msgbatch_01YY2NjcGnodo6x9WkmMvR5P,ended,https://api.anthropic.com/v1/messages/batches/msgbatch_01YY2NjcGnodo6x9WkmMvR5P/results
z_requests/Closure/batch21.json,msgbatch_01VE8vhu5zqYcRNrhsZViekk,ended,https://api.anthropic.com/v1/messages/batches/msgbatch_01VE8vhu5zqYcRNrhsZViekk/results
z_requests/Closure/batch22.json,msgbatch_01XchhTVznoSSXFitXEpW73z,ended,https://api.anthropic.com/v1/messages/batches/msgbatch_01XchhTVznoSSXFitXEpW73z/results
z_requests/Closure/batch23.json,msgbatch_018jyyJEPqmndDhBvJ2dx3Ej,ended,https://api.anthropic.com/v1/messages/batches/msgbatch_018jyyJEPqmndDhBvJ2dx3Ej/results
z_requests/Closure/batch24.json,msgbatch_01QhrPtDXsepHQYqqyB3b8Dg,ended,https://api.anthropic.com/v1/messages/batches/msgbatch_01QhrPtDXsepHQYqqyB3b8Dg/results
z_requests/Closure/batch25.json,msgbatch_014dV7zGHKbkDmzh2i2kwf2G,ended,https://api.anthropic.com/v1/messages/batches/msgbatch_014dV7zGHKbkDmzh2i2kwf2G/results
z_requests/Closure/batch26.json,msgbatch_01UCHvgZEBUaZ1kthkvdNU5p,ended,https://api.anthropic.com/v1/messages/batches/msgbatch_01UCHvgZEBUaZ1kthkvdNU5p/results
z_requests/Closure/batch27.json,msgbatch_01MRUALghG6gyDmfLN7v73k8,ended,https://api.anthropic.com/v1/messages/batches/msgbatch_01MRUALghG6gyDmfLN7v73k8/results
z_requests/Closure/batch28.json,msgbatch_01GpyARz3zTAFPKGUtchD5V5,ended,https://api.anthropic.com/v1/messages/batches/msgbatch_01GpyARz3zTAFPKGUtchD5V5/results
z_requests/Closure/batch29.json,msgbatch_01PdH4RMd3Pg6HuvpWDcs1HC,ended,https://api.anthropic.com/v1/messages/batches/msgbatch_01PdH4RMd3Pg6HuvpWDcs1HC/results
z_requests/Closure/batch3.json,msgbatch_011gci5ZfHASeekkfWdCkLWL,ended,https://api.anthropic.com/v1/messages/batches/msgbatch_011gci5ZfHASeekkfWdCkLWL/results
z_requests/Closure/batch30.json,msgbatch_019X857AqNR2DjWP3tzDoRDh,ended,https://api.anthropic.com/v1/messages/batches/msgbatch_019X857AqNR2DjWP3tzDoRDh/results
z_requests/Closure/batch31.json,msgbatch_016bzejvAsx7f4BysCw4ZZDC,ended,https://api.anthropic.com/v1/messages/batches/msgbatch_016bzejvAsx7f4BysCw4ZZDC/results
z_requests/Closure/batch32.json,msgbatch_01FJdHm7fPZdp2pKViUbr2mu,ended,https://api.anthropic.com/v1/messages/batches/msgbatch_01FJdHm7fPZdp2pKViUbr2mu/results
z_requests/Closure/batch33.json,msgbatch_016skg1S2kH1ZK8xu2kLniy6,ended,https://api.anthropic.com/v1/messages/batches/msgbatch_016skg1S2kH1ZK8xu2kLniy6/results
z_requests/Closure/batch34.json,msgbatch_01Sh5NgyqN5RLZvQRP2H9ZEm,ended,https://api.anthropic.com/v1/messages/batches/msgbatch_01Sh5NgyqN5RLZvQRP2H9ZEm/results
z_requests/Closure/batch35.json,msgbatch_01R2aDnNPgHUWj9q66PZgiyc,ended,https://api.anthropic.com/v1/messages/batches/msgbatch_01R2aDnNPgHUWj9q66PZgiyc/results
z_requests/Closure/batch36.json,msgbatch_01Ao64LqzFLPex5nC7tr6mgW,ended,https://api.anthropic.com/v1/messages/batches/msgbatch_01Ao64LqzFLPex5nC7tr6mgW/results
z_requests/Closure/batch37.json,msgbatch_01EDMY4mD5GaMDJsQQuSBTMh,ended,https://api.anthropic.com/v1/messages/batches/msgbatch_01EDMY4mD5GaMDJsQQuSBTMh/results
z_requests/Closure/batch38.json,msgbatch_019xrUkitnu19UbrTXnMVK7u,ended,https://api.anthropic.com/v1/messages/batches/msgbatch_019xrUkitnu19UbrTXnMVK7u/results
z_requests/Closure/batch39.json,msgbatch_01CCwkCuYN2UDPc5Uz8n4BHN,ended,https://api.anthropic.com/v1/messages/batches/msgbatch_01CCwkCuYN2UDPc5Uz8n4BHN/results
z_requests/Closure/batch4.json,msgbatch_018JGjLRL9AMoZYyoug8spdZ,ended,https://api.anthropic.com/v1/messages/batches/msgbatch_018JGjLRL9AMoZYyoug8spdZ/results
z_requests/Closure/batch5.json,msgbatch_01LYoF9x1VcvLvc4wyv4e341,ended,https://api.anthropic.com/v1/messages/batches/msgbatch_01LYoF9x1VcvLvc4wyv4e341/results
z_requests/Closure/batch6.json,msgbatch_01EaijT9JQMzWdsDAQdk3uGa,ended,https://api.anthropic.com/v1/messages/batches/msgbatch_01EaijT9JQMzWdsDAQdk3uGa/results
z_requests/Closure/batch7.json,msgbatch_01WcodRTdSRid19Krni3yDkQ,ended,https://api.anthropic.com/v1/messages/batches/msgbatch_01WcodRTdSRid19Krni3yDkQ/results
z_requests/Closure/batch8.json,msgbatch_012TXeeqvJZpayxm996DqdgG,ended,https://api.anthropic.com/v1/messages/batches/msgbatch_012TXeeqvJZpayxm996DqdgG/results
z_requests/Closure/batch9.json,msgbatch_01JZFcKKhcXtEVwfyThd3ccX,ended,https://api.anthropic.com/v1/messages/batches/msgbatch_01JZFcKKhcXtEVwfyThd3ccX/results
z_requests/Codec/batch.json,msgbatch_01Fnn8CKxKMRKNu9jrTZKm67,ended,https://api.anthropic.com/v1/messages/batches/msgbatch_01Fnn8CKxKMRKNu9jrTZKm67/results
z_requests/Collections/batch.json,msgbatch_01QVden9onbhZBfa3gmVNxzG,ended,https://api.anthropic.com/v1/messages/batches/msgbatch_01QVden9onbhZBfa3gmVNxzG/results
z_requests/Compress/batch.json,msgbatch_01CCEaczghwhPnFShRy4onJN,ended,https://api.anthropic.com/v1/messages/batches/msgbatch_01CCEaczghwhPnFShRy4onJN/results
z_requests/Gson/batch.json,msgbatch_01R1sLpsZXAQjJJhFUDew11o,ended,https://api.anthropic.com/v1/messages/batches/msgbatch_01R1sLpsZXAQjJJhFUDew11o/results
z_requests/JacksonCore/batch.json,msgbatch_01URiFfZrThSQJB8JRyFtRhw,ended,https://api.anthropic.com/v1/messages/batches/msgbatch_01URiFfZrThSQJB8JRyFtRhw/results
z_requests/JacksonDatabind/batch.json,msgbatch_01LQaBHbXDAzd5n3GSyD3i9Y,ended,https://api.anthropic.com/v1/messages/batches/msgbatch_01LQaBHbXDAzd5n3GSyD3i9Y/results
z_requests/JacksonDatabind/batch1.json,msgbatch_01U7uSMBND6fYthDtXEWqJF9,ended,https://api.anthropic.com/v1/messages/batches/msgbatch_01U7uSMBND6fYthDtXEWqJF9/results
z_requests/JacksonDatabind/batch10.json,msgbatch_01WFS7Hx2GSmosWn2ABrmtTz,ended,https://api.anthropic.com/v1/messages/batches/msgbatch_01WFS7Hx2GSmosWn2ABrmtTz/results
z_requests/JacksonDatabind/batch2.json,msgbatch_01XHkanAvnmJaEeZFEQCTrpr,ended,https://api.anthropic.com/v1/messages/batches/msgbatch_01XHkanAvnmJaEeZFEQCTrpr/results
z_requests/JacksonDatabind/batch3.json,msgbatch_01Fp4vaKQvFBKj4dk14QB8Ue,ended,https://api.anthropic.com/v1/messages/batches/msgbatch_01Fp4vaKQvFBKj4dk14QB8Ue/results
z_requests/JacksonDatabind/batch4.json,msgbatch_01HQP7Aa9QBSURrA8xa6G2ty,ended,https://api.anthropic.com/v1/messages/batches/msgbatch_01HQP7Aa9QBSURrA8xa6G2ty/results
z_requests/JacksonDatabind/batch5.json,msgbatch_01MLwhVhz3U5F9DRKdSjDY9h,ended,https://api.anthropic.com/v1/messages/batches/msgbatch_01MLwhVhz3U5F9DRKdSjDY9h/results
z_requests/JacksonDatabind/batch6.json,msgbatch_01H5eNgqiu6CgAbRgqnNFKDW,ended,https://api.anthropic.com/v1/messages/batches/msgbatch_01H5eNgqiu6CgAbRgqnNFKDW/results
z_requests/JacksonDatabind/batch7.json,msgbatch_012CAnZ51Xie9RhHeaWfb5gR,ended,https://api.anthropic.com/v1/messages/batches/msgbatch_012CAnZ51Xie9RhHeaWfb5gR/results
z_requests/JacksonDatabind/batch8.json,msgbatch_01VXDFjVryXKh3Y9pRbkgWLj,ended,https://api.anthropic.com/v1/messages/batches/msgbatch_01VXDFjVryXKh3Y9pRbkgWLj/results
z_requests/JacksonDatabind/batch9.json,msgbatch_018f9d3NXBLAFuyT4Eq9Nbtu,ended,https://api.anthropic.com/v1/messages/batches/msgbatch_018f9d3NXBLAFuyT4Eq9Nbtu/results
z_requests/JacksonXml/batch.json,msgbatch_01AGKVKHEnxapEc6biTnRiU7,ended,https://api.anthropic.com/v1/messages/batches/msgbatch_01AGKVKHEnxapEc6biTnRiU7/results
z_requests/Jsoup/batch.json,msgbatch_01LemayFBQLofDEY5WfcoRJA,ended,https://api.anthropic.com/v1/messages/batches/msgbatch_01LemayFBQLofDEY5WfcoRJA/results
z_requests/Jsoup/batch1.json,msgbatch_01NSV6nM9shDrRUf7rdPhNm7,ended,https://api.anthropic.com/v1/messages/batches/msgbatch_01NSV6nM9shDrRUf7rdPhNm7/results
z_requests/Jsoup/batch2.json,msgbatch_011jUd6iVMkPkG6YUBa6bxwo,ended,https://api.anthropic.com/v1/messages/batches/msgbatch_011jUd6iVMkPkG6YUBa6bxwo/results
z_requests/JxPath/batch.json,msgbatch_01SNZsb6KoqJMNhhTDnkkG3s,ended,https://api.anthropic.com/v1/messages/batches/msgbatch_01SNZsb6KoqJMNhhTDnkkG3s/results
z_requests/Lang/batch.json,msgbatch_017oC2hyyRfL2TpHMjuvDbvc,ended,https://api.anthropic.com/v1/messages/batches/msgbatch_017oC2hyyRfL2TpHMjuvDbvc/results
z_requests/Math/batch.json,msgbatch_0116oSKTGybqwE63YKgjKr9Y,ended,https://api.anthropic.com/v1/messages/batches/msgbatch_0116oSKTGybqwE63YKgjKr9Y/results
z_requests/Mockito/batch.json,msgbatch_012i2MoPZ8RLfNrpXEDdLWnw,ended,https://api.anthropic.com/v1/messages/batches/msgbatch_012i2MoPZ8RLfNrpXEDdLWnw/results
z_requests/Mockito/batch1.json,msgbatch_01WZhPZx5FVVvoh7DH47Um53,ended,https://api.anthropic.com/v1/messages/batches/msgbatch_01WZhPZx5FVVvoh7DH47Um53/results
z_requests_retry/Closure/batch.json,msgbatch_01UZeef5rjMDMjntTwfreQyx,ended,https://api.anthropic.com/v1/messages/batches/msgbatch_01UZeef5rjMDMjntTwfreQyx/results
z_requests_retry/JacksonDatabind/batch.json,msgbatch_01QvbBQnKoNAisMFYykskZWL,ended,https://api.anthropic.com/v1/messages/batches/msgbatch_01QvbBQnKoNAisMFYykskZWL/results
z_requests/Time/batch.json,msgbatch_01LhDdv32uBx8USGdMVYuVBU,in_progress,
z_requests/Time/batch1.json,msgbatch_01W3ZhQ3JsRWb3EpSbf4zixx,in_progress,
z_requests/Time/batch2.json,msgbatch_01VRvce5UipknsFV5hvXu4UZ,in_progress,
z_requests/Time/batch3.json,msgbatch_016YMe3awkJMXkMRtDR7q9Vu,in_progress,
z_requests/Time/batch4.json,msgbatch_01SxEWQBcagTEPviQZjC8owU,in_progress,
